{
  "beta_second_serve": {
    "mean": -0.2331014038290679,
    "sd": 0.12274657817112486,
    "hdi_low": -0.4625115159741774,
    "hdi_high": 0.007938916190434816
  },
  "beta_depth": {
    "mean": -0.10138000044537811,
    "sd": 0.11935746628165572,
    "hdi_low": -0.3326035995409647,
    "hdi_high": 0.12124727642676963
  },
  "beta_rally": {
    "mean": 0.08710069395923314,
    "sd": 0.5041946256271784,
    "hdi_low": -0.8591695741081885,
    "hdi_high": 1.037435824977814
  },
  "beta_aggr": {
    "mean": 0.2462874230156552,
    "sd": 0.12400081913273124,
    "hdi_low": 0.01833584891547277,
    "hdi_high": 0.482837020371969
  },
  "beta_pressure": {
    "mean": -1.2654228539661216,
    "sd": 0.18279030308965236,
    "hdi_low": -1.6193562543803297,
    "hdi_high": -0.9221707448831042
  }
}